small,medium,large
0.0356691,0.0356691,0.0356691
0.0627226,0.0627226,0.0627226
0.08613039999999998,0.08613039999999998,0.08613039999999998
0.1081696,0.1081696,0.1081696
0.13577,0.13577,0.13577
0.1752902,0.1752902,0.1752902
0.2198445,0.2198445,0.2198445
0.2926664000000001,0.2926664000000001,0.2926664000000001
0.3976759000000001,0.3976759000000001,0.3976759000000001
2.110087,2.110087,2.110087
